{"cameraMode":{"drawMode":0,"name":"Shaded","section":"Shading Mode"},"sceneLighting":false,"audioPlay":false,"sceneViewState":{"showFog":true,"showMaterialUpdate":true,"showSkybox":true,"showFlares":true,"showImageEffects":true,"showParticleSystems":true},"in2DMode":false,"pivot":{"x":-8.898580551147461,"y":1.2172025442123414,"z":3.5643248558044435},"rotation":{"x":0.04947437718510628,"y":-0.014981209300458432,"z":0.0007419376051984727,"w":0.9986640214920044},"size":5.343088626861572,"orthographic":false}